Workbook

Sheet Legenda
A1: Tony Pignatelli Studio — Foglio progetti (v3)
A3: Cosa è cambiato rispetto alla v2
A4: Tolta la colonna Anno: l'anno non compare nel sito.
A5: Il Titolo progetto è ora identico al titolo originale di Wix (es. "Disney - Frozen"): è l'unico nome mostrato in griglia, nel carousel e nelle schede.
A6: La colonna Cliente non compare nel sito, tranne nella pagina del singolo progetto. Resta nel foglio perché serve a raggruppare i lavori e ad associare il logo (foglio Clienti).
A8: Come leggere i colori
A9: Giallo → da completare tu.
A10: Grigio → proposta mia da verificare o correggere.
A11: Bianco → già pronto, oppure facoltativo.
A13: Foglio "Progetti" — una riga per progetto (63: 32 Eventi, 26 Vetrine, 5 Set Design)
A14: Titolo progetto — il titolo originale di Wix. Si può correggere (refusi, maiuscole), ma resta il nome pubblico del lavoro.
A15: Settore — Automotive, Fashion, Beauty, Food & beverage, Technology, Entertainment, Retail, Sport. Compare accanto alla categoria (es. "Eventi · Automotive").
... A30: Ricarica il file compilato in chat, oppure dimmi a voce le correzioni se sono poche.

Sheet Progetti
A1: ID | B1: Categoria | C1: Titolo progetto | D1: Settore | E1: Città | F1: In evidenza | G1: Carousel home | H1: Ordine | I1: Cliente (solo pagina progetto) | J1: N. foto (Wix) | K1: URL attuale Wix | L1: Cartella foto | M1: Note
A2: 1 | B2: Eventi | C2: FOX Circus | D2: Entertainment | E2: Milano | F2: No | G2: No | H2: 30 | I2: FOX | J2: 15 | K2: /eventi/foxcircus
A3: 2 | B3: Eventi | C3: Xiaomi Note 14 Series Launch | D3: Technology | E3: Milano | F3: No | G3: No | H3: 15 | I3: Xiaomi | J3: 4 | K3: /eventi/xiaominote14
A4: 3 | B4: Eventi | C4: NYX Halloween | D4: Beauty | E4: Milano | F4: No | G4: No | H4: 29 | I4: NYX | J4: 6 | K4: /eventi/nyxhalloween
A5: 4 | B5: Eventi | C5: NYX Mini Corner | D5: Beauty | E5: Milano | F5: No | G5: No | H5: 28 | I5: NYX | J5: 4 | K5: /eventi/nyxminicorner
A6: 5 | B6: Eventi | C6: Sneakerness 2019 | D6: Fashion | E6: Milano | F6: No | G6: No | H6: 24 | I6: Sneakerness | J6: 13 | K6: /eventi/sneakerness
A7: 6 | B7: Eventi | C7: Disney - Deadpool & Wolverine - Première party | D7: Entertainment | E7: Milano | F7: Sì | G7: No | H7: 17 | I7: Disney | J7: 10 | K7: /eventi/disney-deadpool-wolverine-premi%C3%A8re-party
A8: 7 | B8: Eventi | C8: Philadelphia | D8: Food & beverage | E8: Milano | F8: No | G8: Sì | H8: 22 | I8: Philadelphia | J8: 11 | K8: /eventi/philadelphia
A9: 8 | B9: Eventi | C9: Disney - Frozen | D9: Entertainment | E9: Milano | F9: No | G9: No | H9: 26 | I9: Disney | J9: 7 | K9: /eventi/disney-frozen
A10: 9 | B10: Eventi | C10: Bauli | D10: Food & beverage | E10: Milano | F10: No | G10: No | H10: 32 | I10: Bauli | J10: 4 | K10: /eventi/bauli
A11: 10 | B11: Eventi | C11: Miele - Milan Design Week | D11: Technology | E11: Milano | F11: Sì | G11: No | H11: 18 | I11: Miele | J11: 8 | K11: /eventi/miele-milan-design-week
A12: 11 | B12: Eventi | C12: Disney - Avatar | D12: Entertainment | E12: Milano | F12: No | G12: No | H12: 25 | I12: Disney | J12: 9 | K12: /eventi/disney---avatar-
A13: 12 | B13: Eventi | C13: Honor - Magic 7 Launch | D13: Technology | E13: Milano | F13: No | G13: No | H13: 16 | I13: Honor | J13: 8 | K13: /eventi/honor---
... A64: 63 | B64: Set Design | C64: Canali | D64: Fashion | E64: Milano | F64: No | G64: No | H64: 60 | I64: Canali | J64: 5 | K64: /set-design/canali
A66: Esempio di riga compilata (da non importare):
A67: 0 | B67: Vetrine | C67: Ferrari - World's Strongest Brand | D67: Automotive | E67: Milano | F67: Sì | G67: No | H67: 12 | I67: Ferrari | J67: 19 | K67: /vetrine/ferrari--- | L67: ferrari-wsb | M67: Esempio

Sheet Clienti
A1: Cliente | B1: N. progetti | C1: Logo (file SVG) | D1: Mostra nella striscia loghi | E1: Note
A2: Arena | B2: =COUNTIF(Progetti!$I$2:$I$64,A2) -> 1 | C2: arena.svg | D2: No
A3: Bauli | B3: =COUNTIF(Progetti!$I$2:$I$64,A3) -> 1 | C3: bauli.svg | D3: No
A4: Bialetti | B4: =COUNTIF(Progetti!$I$2:$I$64,A4) -> 1 | C4: bialetti.svg | D4: No
A5: Bixio x Paul & Shark | B5: =COUNTIF(Progetti!$I$2:$I$64,A5) -> 1 | C5: bixio-x-paul-shark.svg | D5: No
A6: BMW | B6: =COUNTIF(Progetti!$I$2:$I$64,A6) -> 1 | C6: bmw.svg | D6: Sì
A7: Brian & Berry | B7: =COUNTIF(Progetti!$I$2:$I$64,A7) -> 1 | C7: brian-berry.svg | D7: No
A8: Canali | B8: =COUNTIF(Progetti!$I$2:$I$64,A8) -> 1 | C8: canali.svg | D8: No
A9: Disney | B9: =COUNTIF(Progetti!$I$2:$I$64,A9) -> 7 | C9: disney.svg | D9: Sì
A10: Disney+ | B10: =COUNTIF(Progetti!$I$2:$I$64,A10) -> 1 | C10: disney-plus.svg | D10: No
A11: Ducati | B11: =COUNTIF(Progetti!$I$2:$I$64,A11) -> 1 | C11: ducati.svg | D11: No
A12: Edison | B12: =COUNTIF(Progetti!$I$2:$I$64,A12) -> 1 | C12: edison.svg | D12: No
A13: EICMA | B13: =COUNTIF(Progetti!$I$2:$I$64,A13) -> 2 | C13: eicma.svg | D13: No
... A46: YouTube | B46: =COUNTIF(Progetti!$I$2:$I$64,A46) -> 1 | C46: youtube.svg | D46: No
A48: Esempio di riga compilata (da non importare):
A49: Ferrari | B49: 3 | C49: ferrari.svg | D49: Sì | E49: Logo ufficiale dal kit media
